run_id,batch_number,timestamp,question_id,question,expected_domain,actual_domain,status,reason,latency_seconds,input_tokens,output_tokens,generated_sql,thought_process,column_selected,error_message
7ef736,1,2025-12-01 13:08:10.882937+00:00,1,What is GNS4 trend for last 4 months?,Collections,COLLECTIONS,PASS,LLM: The candidate data correctly provides the GNS4 percentage trend. All months and corresponding values match the reference data within the allowed 1% numeric tolerance. The presence of an extra column and different row sorting are acceptable.,0.98,0,0,"WITH MaxBusinessDate AS (
  SELECT
    MAX(BUSINESS_DATE) AS max_date
  FROM `analytics-datapipeline-prod.aiml_cj_nostd_mart.TW_COLL_MART_HIST_v2`
)
SELECT
  DATE_TRUNC(t1.BUSINESS_DATE, MONTH) AS month,
  COUNT(DISTINCT CASE WHEN t1.Bounce_Flag = 'Y' THEN t1.AGREEMENTNO END) AS gns4_count,
  ROUND(
    SAFE_DIVIDE(
      COUNT(DISTINCT CASE WHEN t1.Bounce_Flag = 'Y' THEN t1.AGREEMENTNO END),
      COUNT(DISTINCT t1.AGREEMENTNO)
    ) * 100,
    2
  ) AS gns4_percentage
FROM `analytics-datapipeline-prod.aiml_cj_nostd_mart.TW_COLL_MART_HIST_v2` AS t1
CROSS JOIN MaxBusinessDate AS mbd
WHERE
  t1.BUSINESS_DATE >= DATE_SUB(mbd.max_date, INTERVAL '4' MONTH)
  AND t1.MOB_ON_INSTL_START_DATE = 4
  AND t1.SOM_NPASTAGEID = 'REGULAR'
  AND t1.SOM_POS > 0
GROUP BY
  1
ORDER BY
  1 DESC",Metric: GNS4 Rate (Bounce='Y' at MOB 4). Scenario 1 (Bounce Analysis). Logic: Filter MOB_ON_INSTL_START_DATE = 4 AND Bounce_Flag = 'Y'. Exclusions: SOM_NPASTAGEID = 'REGULAR' and SOM_POS > 0. Time: Last 4 months relative to MAX date.,"['GNS4: Bounce_Flag, MOB_ON_INSTL_START_DATE', 'Time: BUSINESS_DATE']",
7ef736,1,2025-12-01 13:08:30.556218+00:00,2,Give me top 10 dealer names that have the highest NNS3 percentage and cases are more than 30 per dealer? Show the number of cases.,Collections,COLLECTIONS,PASS,"LLM: The candidate data correctly identifies the top 10 dealers with the highest NNS3 percentage and more than 30 cases. All dealer names, case counts, and percentages match the reference data exactly. The sorting order is also correct.",0.81,0,0,"WITH MaxBusinessDate AS (
  SELECT
    MAX(BUSINESS_DATE) AS max_date
  FROM `analytics-datapipeline-prod.aiml_cj_nostd_mart.TW_COLL_MART_HIST_v2`
)
SELECT
  t1.SUPPLIERNAME,
  COUNT(DISTINCT t1.AGREEMENTNO) AS total_cases,
  COUNT(DISTINCT CASE WHEN t1.NNS3 = 'Y' THEN t1.AGREEMENTNO END) AS nns3_cases,
  ROUND(
    SAFE_DIVIDE(
      COUNT(DISTINCT CASE WHEN t1.NNS3 = 'Y' THEN t1.AGREEMENTNO END),
      COUNT(DISTINCT t1.AGREEMENTNO)
    ) * 100,
    2
  ) AS nns3_percentage
FROM `analytics-datapipeline-prod.aiml_cj_nostd_mart.TW_COLL_MART_HIST_v2` AS t1
CROSS JOIN MaxBusinessDate AS mbd
WHERE
  t1.BUSINESS_DATE = mbd.max_date
  AND t1.MOB_ON_INSTL_START_DATE = 3
  AND t1.POS > 0
  AND t1.NPASTAGEID = 'REGULAR'
GROUP BY
  t1.SUPPLIERNAME
HAVING
  COUNT(DISTINCT t1.AGREEMENTNO) > 30
ORDER BY
  nns3_percentage DESC
LIMIT 10","User asks for NNS3 percentage and cases per dealer. NNS3 is a specific flag that requires filtering for MOB_ON_INSTL_START_DATE = 3. This falls under Scenario 3 (Standard Portfolio Performance) for general filtering (POS > 0 AND NPASTAGEID = 'REGULAR'). The request is for the current snapshot (MAX BUSINESS_DATE). Group by SUPPLIERNAME, filter for dealers with more than 30 cases, and order by NNS3 percentage.","['Dealer Name: SUPPLIERNAME', 'NNS3 Percentage: NNS3, MOB_ON_INSTL_START_DATE', 'Number of Cases: AGREEMENTNO']",
7ef736,1,2025-12-01 13:08:56.683386+00:00,3,Show me the top 10 dealers where banking model has highest no hit percentage? application count should be greater than 30 and what is the approval percentage?,Sourcing,SOURCING,FAIL,"LLM: The candidate data provides a different list of top 10 dealers. Only 3 of the 10 dealers from the reference list are present in the candidate list, and their corresponding metrics and rankings are inconsistent. For example, the top dealer in the reference data, 'Chandra Automobiles', is completely missing from the candidate output. [Data_Mismatch]",1.41,2953,587,"SELECT
  Dealer_Name_Supplier__c AS dealer_name,
  COUNT(*) AS total_applications,
  COUNT(
    CASE
      WHEN NOT (
        FINAL_APPLICANT_SCORECARD_MODEL_BRE LIKE '%_BKH%'
        OR FINAL_APPLICANT_SCORECARD_MODEL_BRE LIKE '%_BKR%'
      )
      THEN 1
    END
  ) AS no_banking_hit_count,
  ROUND(
    SAFE_DIVIDE(
      COUNT(
        CASE
          WHEN NOT (
            FINAL_APPLICANT_SCORECARD_MODEL_BRE LIKE '%_BKH%'
            OR FINAL_APPLICANT_SCORECARD_MODEL_BRE LIKE '%_BKR%'
          )
          THEN 1
        END
      ),
      COUNT(*)
    ) * 100,
    2
  ) AS no_banking_hit_percentage,
  COUNT(CASE WHEN BRE_Sanction_Result__c IN ('ACCEPT', 'Sanction') THEN 1 END) AS approved_applications,
  ROUND(
    SAFE_DIVIDE(
      COUNT(CASE WHEN BRE_Sanction_Result__c IN ('ACCEPT', 'Sanction') THEN 1 END),
      COUNT(*)
    ) * 100,
    2
  ) AS approval_percentage
FROM `analytics-datapipeline-prod.aiml_cj_nostd_mart.Sourcing_Data_11_Nov_25`
WHERE
  DATE(LastModifiedDate) >= DATE_SUB(CURRENT_DATE, INTERVAL '3' MONTH)
GROUP BY
  1
HAVING
  COUNT(*) > 30
ORDER BY
  no_banking_hit_percentage DESC
LIMIT 10","The user wants to identify top dealers based on the 'no banking hit percentage' and also see their approval percentage. 'No banking hit' is defined as when the `FINAL_APPLICANT_SCORECARD_MODEL_BRE` does not contain '%_BKH%' or '%_BKR%'. The request is about application counts and approval rates, so it falls under Scenario A (Sourcing) using `DATE(LastModifiedDate)`. A minimum application count of 30 is applied. The query will calculate total applications, no banking hits, no banking hit percentage, approved applications, and approval percentage, then order by the no banking hit percentage in descending order and limit to the top 10.","['Dealer Name: Dealer_Name_Supplier__c', 'Banking Hit Status: FINAL_APPLICANT_SCORECARD_MODEL_BRE', 'Approval Status: BRE_Sanction_Result__c', 'Application Date: LastModifiedDate']",
7ef736,1,2025-12-01 13:09:13.951884+00:00,4,SHow me the bounce rate on 0 dpd for Assam?,Collections,COLLECTIONS,PASS,LLM: The candidate data perfectly matches the reference data. All values for Assam are identical.,0.78,0,0,"WITH DateCTE AS (
  SELECT
    MAX(BUSINESS_DATE) AS max_date
  FROM `analytics-datapipeline-prod.aiml_cj_nostd_mart.TW_COLL_MART_HIST_v2`
)
SELECT
  UPPER(STATE) AS state_name,
  COUNT(DISTINCT CASE WHEN Bounce_Flag = 'Y' THEN AGREEMENTNO END) AS bounced_0_dpd_accounts,
  COUNT(DISTINCT AGREEMENTNO) AS total_0_dpd_accounts,
  ROUND(
    SAFE_DIVIDE(
      COUNT(DISTINCT CASE WHEN Bounce_Flag = 'Y' THEN AGREEMENTNO END),
      COUNT(DISTINCT AGREEMENTNO)
    ) * 100,
    2
  ) AS bounce_rate_0_dpd_percentage
FROM `analytics-datapipeline-prod.aiml_cj_nostd_mart.TW_COLL_MART_HIST_v2`
WHERE
  BUSINESS_DATE = (
    SELECT
      max_date
    FROM DateCTE
  )
  AND UPPER(STATE) = 'ASSAM'
  AND SOM_DPD = 0
  AND SOM_POS > 0
  AND SOM_NPASTAGEID = 'REGULAR'
GROUP BY
  state_name
LIMIT 10",User asks for 'bounce rate on 0 dpd' for a specific state (Assam). This falls under Scenario 1 (Bounce Analysis) because 'bounce' is mentioned. The population is further restricted to '0 DPD' (SOM_DPD = 0). The time frame is the latest available business date. The calculation involves counting bounced accounts within the 0 DPD population and dividing by the total 0 DPD accounts.,"['Bounce Rate: Bounce_Flag', '0 DPD: SOM_DPD', 'State: STATE', 'Agreement Number: AGREEMENTNO', 'Business Date: BUSINESS_DATE']",
7ef736,1,2025-12-01 13:09:19.944548+00:00,5,What is the rejection based on CIBIL score below 650 in the last 3 months? Month on month?,Sourcing,COLLECTIONS,ERROR,SQL Error: 400 Syntax error: Unexpected i,0.37,0,0,"thought_process
The user is asking for ""rejection based on CIBIL score below 650"".
Looking at the schema, there is no direct column for 'CIBIL score' or 'rejection'.
The available columns are related to loan performance, delinquency, collections, and some demographic/loan details.
There is no information about loan applications or rejection reasons.

Therefore, this query cannot be answered with the provided schema.{
""thought_process"": ""The user is asking for 'rejection based on CIBIL score'. The provided schema for `analytics-datapipeline-prod.aiml_cj_nostd_mart.TW_COLL_MART_HIST_v2` contains information about disbursed loans, collections, and performance metrics, but it does not include data related to loan applications, CIBIL scores, or rejection reasons. Therefore, this query cannot be answered with the available data."",
""column_mapping"": {},
""sql"": ""/* This query cannot be generated. The schema does not contain information about CIBIL scores or loan rejections. The available data is related to disbursed loans and their collection performance. */""
}","The user is asking for ""rejection based on CIBIL score below 650"".
Looking at the schema, there is no direct column for 'CIBIL score' or 'rejection'.
The available columns are related to loan performance, delinquency, collections, and some demographic/loan details.
There is no information about loan applications or rejection reasons.

Therefore, this query cannot be answered with the provided schema.{
""thought_process"": ""The user is asking for 'rejection based on CIBIL score'. The provided schema for `analytics-datapipeline-prod.aiml_cj_nostd_mart.TW_COLL_MART_HIST_v2` contains information about disbursed loans, collections, and performance metrics, but it does not include data related to loan applications, CIBIL scores, or rejection reasons. Therefore, this query cannot be answered with the available data."",
",[],"400 Syntax error: Unexpected identifier ""thought_process"" at [1:1]; reason: invalidQuery, location: query, message: Syntax error: Unexpected identifier ""thought_process"" at [1:1]

Location: US
Job ID: d086dc85-3815-43af-8fc6-62c86888420b
"
7ef736,1,2025-12-01 13:09:41.914252+00:00,6,What is the rejection rate for applications where CIBIL score is between 300-650 in October 2025? Also list out the reason of rejections for these cases.,Sourcing,SOURCING,FAIL,"LLM: The candidate correctly provided the overall rejection rate but failed to include the breakdown of rejection reasons, which was explicitly requested by the user and is present in the reference data. [Data_Mismatch]",0.72,2962,424,"SELECT
  ROUND(
    SAFE_DIVIDE(
      COUNT(CASE WHEN BRE_Sanction_Result__c IN ('REJECT', 'Reject') THEN 1 END),
      COUNT(*)
    ) * 100,
    2
  ) AS rejection_rate_pct
FROM `analytics-datapipeline-prod.aiml_cj_nostd_mart.Sourcing_Data_11_Nov_25`
WHERE
  DATE(LastModifiedDate) >= '2025-10-01'
  AND DATE(LastModifiedDate) < '2025-11-01'
  AND CAST(CIBIL_SCORE AS INT64) BETWEEN 300 AND 650","The user is asking for the rejection rate for applications within a specific CIBIL score range and a given month. This falls under 'Scenario A: Sourcing, Approvals, Rejections, Volume', so `DATE(LastModifiedDate)` is used for date filtering. The CIBIL score range (300-650) requires filtering on the `CIBIL_SCORE` column, which is cast to an integer for numerical comparison. Rejection status is determined by `BRE_Sanction_Result__c` being 'REJECT' or 'Reject'. The request also asks to 'list out the reason of rejections'. However, the provided schema does not contain an explicit column for 'rejection reason'. Therefore, this part of the request cannot be fulfilled with the current schema, and the SQL query will only calculate the rejection rate.","['CIBIL Score Range: CIBIL_SCORE (cast to INT64)', 'Rejection Status: BRE_Sanction_Result__c', 'Application Date: LastModifiedDate']",
7ef736,1,2025-12-01 13:09:59.665887+00:00,7,what is the current 1-30 delinquency percentage of the portfolio in comparison with last year?,Collections,COLLECTIONS,PASS,"LLM: The candidate data correctly identifies the delinquency percentages for the current and last year, with all numeric values falling within the 1% tolerance threshold.",1.69,0,0,"WITH MaxBusinessDate AS (
  SELECT
    MAX(BUSINESS_DATE) AS max_date
  FROM `analytics-datapipeline-prod.aiml_cj_nostd_mart.TW_COLL_MART_HIST_v2`
)
SELECT
  'Current Year' AS period,
  ROUND(
    SAFE_DIVIDE(
      COUNT(DISTINCT CASE WHEN DPD_BUCKET = 1 THEN AGREEMENTNO END),
      COUNT(DISTINCT AGREEMENTNO)
    ) * 100,
    2
  ) AS delinquency_1_30_percentage
FROM `analytics-datapipeline-prod.aiml_cj_nostd_mart.TW_COLL_MART_HIST_v2`
WHERE
  BUSINESS_DATE = (
    SELECT
      max_date
    FROM MaxBusinessDate
  )
  AND POS > 0
  AND NPASTAGEID = 'REGULAR'
UNION ALL
SELECT
  'Last Year' AS period,
  ROUND(
    SAFE_DIVIDE(
      COUNT(DISTINCT CASE WHEN DPD_BUCKET = 1 THEN AGREEMENTNO END),
      COUNT(DISTINCT AGREEMENTNO)
    ) * 100,
    2
  ) AS delinquency_1_30_percentage
FROM `analytics-datapipeline-prod.aiml_cj_nostd_mart.TW_COLL_MART_HIST_v2`
WHERE
  BUSINESS_DATE = DATE_SUB((
    SELECT
      max_date
    FROM MaxBusinessDate
  ), INTERVAL '1' YEAR)
  AND POS > 0
  AND NPASTAGEID = 'REGULAR'","Metric: 1-30 delinquency percentage (DPD_BUCKET = 1). Scenario 3 (Standard Portfolio Performance) applies, so filter by POS > 0 AND NPASTAGEID = 'REGULAR'. Time: Compare current month (MAX(BUSINESS_DATE)) with the same month last year (DATE_SUB(MAX(BUSINESS_DATE), INTERVAL 1 YEAR)).","['1-30 delinquency: DPD_BUCKET', 'Current Period: BUSINESS_DATE', 'Last Year: BUSINESS_DATE']",
7ef736,1,2025-12-01 13:10:13.193563+00:00,8,How many cases who were at 0 delinquency last year and now have slipped to 90+ ?,Collections,COLLECTIONS,FAIL,"LLM: The candidate value (54337) and the reference value (58033) have a difference of approximately 6.37%, which is outside the allowed 1% numeric tolerance. [Data_Mismatch]",0.82,0,0,"SELECT
  SUM(Delinquency_0LY_90PLUSCurrent_SLIPPAGE_Flag) AS cases_slipped_0ly_to_90plus_current
FROM `analytics-datapipeline-prod.aiml_cj_nostd_mart.TW_COLL_MART_HIST_v2`
WHERE
  BUSINESS_DATE = (
    SELECT
      MAX(BUSINESS_DATE)
    FROM `analytics-datapipeline-prod.aiml_cj_nostd_mart.TW_COLL_MART_HIST_v2`
  )
  AND POS > 0","The user is asking for the count of accounts that slipped from 0 DPD last year to 90+ DPD currently. This directly corresponds to the 'Delinquency_0LY_90PLUSCurrent_SLIPPAGE_Flag'. This is a risk-related metric, so it falls under Scenario 2 (Write-off & Risk Analysis). The filter for this scenario is POS > 0. No specific time period was mentioned, so the query will default to the latest BUSINESS_DATE.",['Slippage from 0LY to 90+ Current: Delinquency_0LY_90PLUSCurrent_SLIPPAGE_Flag'],
7ef736,1,2025-12-01 13:10:31.635227+00:00,9,Which state has the highest normalization rate for the current month in DPD BKT 1?,Collections,COLLECTIONS,PASS,"LLM: The candidate data correctly identifies the state with the highest normalization rate (Karnataka). The candidate data is a superset of the reference data, containing all the correct rows and values from the reference set, which is an acceptable outcome.",0.74,0,0,"WITH MaxBusinessDate AS (
  SELECT
    MAX(BUSINESS_DATE) AS max_date
  FROM `analytics-datapipeline-prod.aiml_cj_nostd_mart.TW_COLL_MART_HIST_v2`
)
SELECT
  STATE,
  COUNT(DISTINCT CASE WHEN DPD_BUCKET = 0 THEN AGREEMENTNO END) AS normalized_accounts_count,
  COUNT(DISTINCT AGREEMENTNO) AS total_dpd_bkt_1_accounts,
  ROUND(
    SAFE_DIVIDE(
      COUNT(DISTINCT CASE WHEN DPD_BUCKET = 0 THEN AGREEMENTNO END),
      COUNT(DISTINCT AGREEMENTNO)
    ) * 100,
    2
  ) AS normalization_rate_percentage
FROM `analytics-datapipeline-prod.aiml_cj_nostd_mart.TW_COLL_MART_HIST_v2`
WHERE
  BUSINESS_DATE = (
    SELECT
      max_date
    FROM MaxBusinessDate
  )
  AND SOM_DPD_BUCKET = 1
  AND SOM_POS > 0
  AND SOM_NPASTAGEID = 'REGULAR'
GROUP BY
  STATE
ORDER BY
  normalization_rate_percentage DESC
LIMIT 10","The user is asking for the 'normalization rate' for accounts that were in 'DPD BKT 1' at the start of the month and moved to 'DPD BKT 0' by the end of the month. This is a standard portfolio performance metric, so Scenario 3 filters apply: `SOM_POS > 0` and `SOM_NPASTAGEID = 'REGULAR'`. The time frame is the 'current month', which translates to filtering by `MAX(BUSINESS_DATE)`. The result should be grouped by `STATE` and ordered to find the highest rate.","['Normalization Rate: DPD_BUCKET, SOM_DPD_BUCKET', 'State: STATE', 'Current Month: BUSINESS_DATE']",
7ef736,1,2025-12-01 13:10:38.422458+00:00,10,Which state has the highest roll forward rate for the current month in DPD BKT 2?,Collections,COLLECTIONS,ERROR,"SQL Error: 400 Syntax error: Unexpected """,0.4,0,0,"SELECT MAX(BUSINESS_DATE) FROM ...)`.
- **Grouping**: Group by `STATE` and order by the calculated roll forward rate in descending order, then limit to 1.{
""thought_process"": ""Metric: Roll Forward Rate (DPD_BUCKET > SOM_DPD_BUCKET). Population: SOM_DPD_BUCKET = 2. Scenario 3 (Standard Portfolio Performance) is applicable, so filters `SOM_NPASTAGEID = 'REGULAR' AND SOM_POS > 0` are used. Time: Current month, meaning `BUSINESS_DATE = (SELECT MAX(BUSINESS_DATE) FROM ...)`. Group by STATE and order by roll forward rate."",
""column_mapping"": {
""Roll Forward Rate"": ""DPD_BUCKET, SOM_DPD_BUCKET"",
""DPD Bucket"": ""SOM_DPD_BUCKET"",
""State"": ""STATE"",
""Current Month"": ""BUSINESS_DATE""
},
""sql"": ""WITH MaxBusinessDate AS (\n    SELECT MAX(BUSINESS_DATE) AS max_date\n    FROM `analytics-datapipeline-prod.aiml_cj_nostd_mart.TW_COLL_MART_HIST_v2`\n)\nSELECT\n    STATE,\n    COUNT(DISTINCT CASE WHEN DPD_BUCKET > SOM_DPD_BUCKET THEN AGREEMENTNO END) AS roll_forward_count,\n    COUNT(DISTINCT AGREEMENTNO) AS total_bucket_2_accounts,\n    ROUND(SAFE_DIVIDE(\n        COUNT(DISTINCT CASE WHEN DPD_BUCKET > SOM_DPD_BUCKET THEN AGREEMENTNO END),\n        COUNT(DISTINCT AGREEMENTNO)\n    ) * 100, 2) AS roll_forward_rate_percentage\nFROM\n    `analytics-datapipeline-prod.aiml_cj_nostd_mart.TW_COLL_MART_HIST_v2`\nWHERE\n    BUSINESS_DATE = (SELECT max_date FROM MaxBusinessDate)\n    AND SOM_DPD_BUCKET = 2\n    AND SOM_NPASTAGEID = 'REGULAR'\n    AND SOM_POS > 0\nGROUP BY\n    STATE\nORDER BY\n    roll_forward_rate_percentage DESC\nLIMIT 1""
}","The user is asking for the state with the highest roll forward rate.
- **Metric**: Roll Forward Rate, which means `DPD_BUCKET > SOM_DPD_BUCKET`.
- **Population**: Accounts starting in DPD Bucket 2 (`SOM_DPD_BUCKET = 2`).
- **Scenario**: This falls under Scenario 3 (Standard Portfolio Performance) because it's about delinquency and roll rates. The filters `POS > 0 AND NPASTAGEID = 'REGULAR'` should be applied. However, the schema description for `SOM_DPD_BUCKET` and `DPD_BUCKET` implies they are ""as of the start/end of the current month"", and the example for roll forward rate uses `SOM_NPASTAGEID = 'REGULAR' AND SOM_POS > 0`. I will follow the example's filter logic for consistency with roll forward rate.
- **Time**: ""Current month"" implies `BUSINESS_DATE = (SELECT MAX(BUSINESS_DATE) FROM ...)`.
- **Grouping**: Group by `STATE` and order by the calculated roll forward rate in descending order, then limit to 1.{
""thought_process"": ""Metric: Roll Forward Rate (DPD_BUCKET > SOM_DPD_BUCKET). Population: SOM_DPD_BUCKET = 2. Scenario 3 (Standard Portfolio Performance) is applicable, so filters `SOM_NPASTAGEID = 'REGULAR' AND SOM_POS > 0` are used. Time: Current month, meaning `BUSINESS_DATE = (SELECT MAX(BUSINESS_DATE) FROM ...)`. Group by STATE and order by roll forward rate."",
",[],"400 Syntax error: Unexpected ""."" at [1:32]; reason: invalidQuery, location: query, message: Syntax error: Unexpected ""."" at [1:32]

Location: US
Job ID: 390410be-e603-4f83-9f5f-e40cc658fcbd
"
7ef736,1,2025-12-01 13:10:44.609999+00:00,11,How is the portfolio performing at MOB 3 for 30+ delinquency?,Collections,COLLECTIONS,ERROR,SQL Error: 400 Syntax error: Expected end,0.31,0,0,"SELECT MAX(BUSINESS_DATE) FROM `analytics-datapipeline-prod.aiml_cj_nostd_mart.TW_COLL_MART_HIST_v2`)\nAND SOM_NPASTAGEID = 'REGULAR' AND SOM_POS > 0\nGROUP BY 1\nORDER BY 1""
}","Intent: Direct MOB Performance inquiry. Metric: 30+ DPD at MOB 3. Variable Selection: NR_30_PLUS_3MOB and DR_30_PLUS_3MOB. Scenario 3 (Standard).
The user is asking for the performance at a specific Month on Book (MOB 3) for 30+ delinquency. This directly maps to the pre-calculated columns `NR_30_PLUS_3MOB` (numerator) and `DR_30_PLUS_3MOB` (denominator).
This is a standard portfolio performance metric, so Scenario 3 filters (`POS > 0 AND NPASTAGEID = 'REGULAR'`) should be applied. However, the provided example uses `SOM_NPASTAGEID = 'REGULAR' and SOM_POS > 0`. Given the context of MOB performance, which is typically evaluated at the start of the month for a cohort, `SOM_NPASTAGEID` and `SOM_POS` are more appropriate. I will stick to the example's filter for consistency with MOB-related metrics.
The question implies a current or latest performance, so I will use the `MAX(BUSINESS_DATE)` filter.{
""thought_process"": ""Intent: Direct MOB Performance inquiry. Metric: 30+ DPD at MOB 3. Variable Selection: NR_30_PLUS_3MOB and DR_30_PLUS_3MOB. Scenario 3 (Standard). The question implies a current or latest performance, so I will use the MAX(BUSINESS_DATE) filter. The example provided for MOB performance uses `SOM_NPASTAGEID = 'REGULAR' and SOM_POS > 0`, which is appropriate for start-of-month cohort analysis."",
",[],"400 Syntax error: Expected end of input but got "")"" at [1:101]; reason: invalidQuery, location: query, message: Syntax error: Expected end of input but got "")"" at [1:101]

Location: asia-south1
Job ID: a4a65356-e66b-4aea-a462-1761af6bb2e4
"
7ef736,1,2025-12-01 13:10:53.458417+00:00,12,"Show me the Vintage Curve for 30+ Delinquency for loans disbursed in Jan 2024, Feb 2024, and Mar 2024? At MOB = 3, 6, 9, 12.",Collections,COLLECTIONS,PASS,Numeric Exact Match,0.72,0,0,"SELECT
  DATE_TRUNC(DISBURSALDATE, MONTH) AS disbursal_month,
  ROUND(SAFE_DIVIDE(SUM(NR_30_PLUS_3MOB), SUM(DR_30_PLUS_3MOB)) * 100, 2) AS mob_3_delinquency_percentage, /* MOB 3 Rate */
  ROUND(SAFE_DIVIDE(SUM(NR_30_PLUS_6MOB), SUM(DR_30_PLUS_6MOB)) * 100, 2) AS mob_6_delinquency_percentage, /* MOB 6 Rate */
  ROUND(SAFE_DIVIDE(SUM(NR_30_PLUS_9MOB), SUM(DR_30_PLUS_9MOB)) * 100, 2) AS mob_9_delinquency_percentage, /* MOB 9 Rate */
  ROUND(SAFE_DIVIDE(SUM(NR_30_PLUS_12MOB), SUM(DR_30_PLUS_12MOB)) * 100, 2) AS mob_12_delinquency_percentage /* MOB 12 Rate */
FROM `analytics-datapipeline-prod.aiml_cj_nostd_mart.TW_COLL_MART_HIST_v2`
WHERE
  DISBURSALDATE BETWEEN '2024-01-01' AND '2024-03-31'
GROUP BY
  1
ORDER BY
  1","Analysis Type: Vintage Analysis. Anti-Pattern Rule: Must group by Disbursal Month (DISBURSALDATE) and NOT Business Date. Formula: Use pre-calculated NR_30_PLUS_xMOB / DR_30_PLUS_xMOB columns for MOB 3, 6, 9, 12. Date Filtering: Filter DISBURSALDATE for Jan, Feb, Mar 2024. No BUSINESS_DATE filtering for vintage analysis.","['Vintage: DISBURSALDATE', '30+ Delinquency MOB 3: NR_30_PLUS_3MOB / DR_30_PLUS_3MOB', '30+ Delinquency MOB 6: NR_30_PLUS_6MOB / DR_30_PLUS_6MOB', '30+ Delinquency MOB 9: NR_30_PLUS_9MOB / DR_30_PLUS_9MOB', '30+ Delinquency MOB 12: NR_30_PLUS_12MOB / DR_30_PLUS_12MOB']",
7ef736,1,2025-12-01 13:11:12.615595+00:00,13,Identify customers who have 'slipped' significantly: They were 0 DPD exactly one year ago but are 90+ DPD today?,Collections,COLLECTIONS,FAIL,"LLM: The list of 'agreementno' values in the candidate data is completely different from the reference data. There are no matching records between the two sets, indicating the AI failed to identify the correct customers based on the specified criteria. [Data_Mismatch]",0.94,0,0,"WITH MaxBusinessDate AS (
  SELECT
    MAX(BUSINESS_DATE) AS max_date
  FROM `analytics-datapipeline-prod.aiml_cj_nostd_mart.TW_COLL_MART_HIST_v2`
)
SELECT
  AGREEMENTNO,
  BUSINESS_DATE,
  Delinquency_0LY_90PLUSCurrent_SLIPPAGE_Flag
FROM `analytics-datapipeline-prod.aiml_cj_nostd_mart.TW_COLL_MART_HIST_v2`
WHERE
  BUSINESS_DATE = (
    SELECT
      max_date
    FROM MaxBusinessDate
  )
  AND Delinquency_0LY_90PLUSCurrent_SLIPPAGE_Flag = 1
  AND POS > 0
LIMIT 10","The user is asking to identify customers who slipped from 0 DPD last year to 90+ DPD currently. This directly corresponds to the 'Delinquency_0LY_90PLUSCurrent_SLIPPAGE_Flag'. This metric falls under Scenario 2 (Write-off & Risk Analysis) because it involves 'Slippage to 90+', so the filter 'POS > 0' should be applied. The request is for the current status, so we filter by the maximum BUSINESS_DATE.","['Slipped Customers: Delinquency_0LY_90PLUSCurrent_SLIPPAGE_Flag', 'Agreement Number: AGREEMENTNO']",
7ef736,1,2025-12-01 13:11:19.852990+00:00,14,Analyze the portfolio risk by Ticket Size: Amount Finance and show the 90+ DPD POS % for each? highest first.,Collections,COLLECTIONS,ERROR,SQL Error: 400 No matching signature for ,0.5,0,0,"WITH MaxBusinessDate AS (
  SELECT
    MAX(BUSINESS_DATE) AS max_date
  FROM `analytics-datapipeline-prod.aiml_cj_nostd_mart.TW_COLL_MART_HIST_v2`
)
SELECT
  t1.AMTFIN_BAND,
  ROUND(
    SAFE_DIVIDE(SUM(CASE WHEN t1.DPD_BUCKET = '4+' THEN t1.POS ELSE 0 END), SUM(t1.POS)) * 100,
    2
  ) AS ninety_plus_dpd_pos_percentage
FROM `analytics-datapipeline-prod.aiml_cj_nostd_mart.TW_COLL_MART_HIST_v2` AS t1
CROSS JOIN MaxBusinessDate AS t2
WHERE
  t1.BUSINESS_DATE = t2.max_date AND t1.POS > 0
GROUP BY
  t1.AMTFIN_BAND
ORDER BY
  ninety_plus_dpd_pos_percentage DESC","The user wants to analyze portfolio risk by 'Ticket Size: Amount Finance' and calculate the '90+ DPD POS %'. '90+ DPD' corresponds to DPD_BUCKET = '4+'. This is a risk analysis metric, so it falls under Scenario 2: Write-off & Risk Analysis, which requires the filter POS > 0 and no NPASTAGEID filter. The time filter is for the current snapshot (MAX(BUSINESS_DATE)). The grouping is by AMTFIN_BAND. The calculation involves summing POS for 90+ DPD accounts and dividing by the total POS.","['Ticket Size: Amount Finance: AMTFIN_BAND', '90+ DPD POS %: DPD_BUCKET, POS']","400 No matching signature for operator = for argument types: NUMERIC, STRING
  Signature: T1 = T1
    Unable to find common supertype for templated argument <T1>
      Input types for <T1>: {STRING, NUMERIC} at [9:31]; reason: invalidQuery, location: query, message: No matching signature for operator = for argument types: NUMERIC, STRING
  Signature: T1 = T1
    Unable to find common supertype for templated argument <T1>
      Input types for <T1>: {STRING, NUMERIC} at [9:31]

Location: asia-south1
Job ID: bd7abd47-25a9-44c4-bf8b-dbba799744f2
"
